time_idx,value
43657,48.305
43658,42.782
43659,38.237
43660,35.106
43661,26.487
43662,24.144
43663,24.027
43664,24.393
43665,24.817
43666,23.463
43667,17.699
43668,14.4
43669,8.312
43670,5.868
43671,0.0
43672,0.898
43673,10.645
43674,15.05
43675,20.218
43676,32.097
43677,40.755
43678,47.559
43679,58.047
43680,63.657
43681,67.267
43682,63.574
43683,66.586
43684,68.612
43685,72.441
43686,73.62
43687,64.966
43688,75.104
43689,79.812
43690,81.245
43691,92.852
43692,100.46
43693,105.439
43694,111.209
43695,115.459
43696,123.407
43697,133.074
43698,147.893
43699,170.896
43700,177.303
43701,178.844
43702,183.064
43703,191.948
43704,200.835
43705,200.42
43706,198.571
43707,192.582
43708,191.974
43709,192.363
43710,187.813
43711,185.252
43712,183.705
43713,182.146
43714,179.879
43715,182.084
43716,180.799
43717,175.922
43718,174.325
43719,181.684
43720,189.811
43721,197.733
43722,202.377
43723,199.151
43724,200.646
43725,212.426
43726,215.569
43727,212.303
43728,214.824
43729,218.882
43730,219.123
43731,217.157
43732,187.252
43733,171.12
43734,161.035
43735,150.618
43736,140.522
43737,132.969
43738,127.084
43739,116.036
43740,95.223
43741,75.066
43742,77.866
43743,72.36
43744,53.139
43745,47.461
43746,49.925
43747,54.993
43748,60.114
43749,63.35
43750,70.273
43751,96.639
43752,112.626
43753,122.926
43754,126.964
43755,134.52
43756,142.024
43757,132.634
43758,125.102
43759,118.384
43760,111.325
43761,105.161
43762,108.957
43763,117.865
43764,115.829
43765,109.545
43766,99.107
43767,86.394
43768,81.694
43769,79.332
43770,79.679
43771,78.915
43772,83.543
43773,103.118
43774,126.263
43775,139.583
43776,143.751
43777,149.771
43778,139.147
43779,128.251
43780,124.228
43781,117.994
43782,105.194
43783,94.854
43784,97.639
43785,86.377
43786,89.176
43787,85.042
43788,85.206
43789,89.72
43790,100.808
43791,101.72
43792,105.055
43793,117.457
43794,127.462
43795,140.074
43796,130.774
43797,125.447
43798,98.03
43799,68.804
43800,41.362
43801,23.392
43802,6.524
43803,0.0
43804,0.0
43805,0.0
43806,0.0
43807,0.0
43808,0.0
43809,0.0
43810,0.0
43811,0.0
43812,0.0
43813,0.0
43814,0.0
43815,0.0
43816,0.0
43817,0.0
43818,0.0
43819,0.0
43820,0.0
43821,0.0
43822,0.0
43823,0.0
43824,0.0
